[

		{

			"name":"Admin",
			"alias":["ahelp"],
			"permission":["admin"],
			"asset":"adminhelp",
			"description":"admin help menu"
		},

        	{

			"name":"Methods",
			"asset":"methods"
		},
		{

			"name":"Help",
			"asset":"help"
		},
   		{

			"name":"Tools",
			"asset":"tools"
		},
   		{

			"name":"Pancake",
			"asset":"pancake"
		},
    	{

			"name":"Twobit",
			"permission":["admin"],
			"asset":"twobit"
		},
		{

			"name":"Botcount",
			"permission":["admin"],
			"asset":"bots"
		},
		{

			"name":"Home",
			"asset":"home"
		},
       	{

			"name":"Rules",
			"asset":"rules"
		},
   

		{
			"name":"Account",
			"alias":["acccount","info"],

            "-Comment- Remove this line" : "You do not need to define empty types such as a command with no permissions needed!",

			"asset":"accountinfo",
			"description":"returns user info"
		}

]