[
	{
		"name":"HTTPS-TLSX",
		"time":60,
		"description":"https tlsx",
		"permission":[],
		"api":[
			""
			""			
			""
			""					
		]
	},
	{
		"name":"HTTPS-TLS",
		"time":60,
		"description":"https tls",
		"api":[
			""			
			""
			""
			""					
		]
	},
 	{
		"name":"HTTPS-ENTOD",
		"time":60,
		"description":"https entod",
		"api":[
			""			
			""
			""
			""					
		]
	},
  	{
		"name":"HTTP-BROWSER",
		"time":60,
		"description":"http browser",
		"api":[
			""			
			""
			""
			""					
		]
	},
 	{
		"name":"HTTPS-HIGH",
		"time":60,
		"description":"https high",
		"api":[
			""			
			""
			""
			""					
		]
	},
 	{
		"name":"HTTP-KILLER",
		"time":60,
		"description":"killer",
		"api":[
			""		
			""
			""
			""					
		]
	},
 	{
		"name":"HTTP-GET2",
		"time":60,
		"description":"get2",
		"api":[
			""			
			""
			""
			""					
		]

	}

]


